Disease,Medication
Impetigo,"['Neem','Turmeric','Manjishtha','Triphala','Aloe vera']"
Fungal infection,"['ginger tea' , 'ginger juice']"
Allergy,['HERBS AND SPICES']
GERD,"['Buttermilk prepared with cumin seeds','ginger',' black pepper and coriander leaves']"
Chronic cholestasis,['Eugenia jambolana (Jamun fruit)']
Drug Reaction,[' turmeric powder boiled in water with a pinch of salt']
Peptic ulcer disease,['Mahatiktaka Ghrita - 11gm twice daily orally for 60 days with milk']
AIDS,"['Ashwagandha','Tulsi','Guduchi','Amalaki','Shatavari','Licorice']"
Diabetes,"['Herbal Medication','Panchakarma Therapy']"
Gastroenteritis,['half a gram of long pepper powder with honey']
Bronchial Asthma,['Goat's milk processed with decoction of Ginger and added with cane sugar']
Hypertension,"[' moong dal soup,cilantro, cumin, and a pinch of turmeric','a teaspoon of honey and five to 10 drops of apple cider vinegar to a cup of hot water']"
Migraine,['Shirolepa and shiro dhara']
Cervical spondylosis,"['Triphla','Gugglu','Aloe vera','Mridu Shodhana','Pacifying Herbs ']"
Paralysis (brain hemorrhage),"['Balaswagandhadi taila','Ksheerabala taila','Dhanvantara taila']"
Jaundice,['Wheatgrass juice']
Malaria,"['Vishamajwarantakaloha','Tinospora cordifolia (guduchi) and Cissampelos pareira (akanadi)']"
Chicken pox,"['Haridra','Yashtimadhu','Guduchi','Manjishtha','Nimba']"
Dengue,"['Herbal tea made out of Fenugreek or coriander leaves','Papaya','Leaves of papaya']"
Typhoid,"['Triphala Churan','Use Cold Compresses','Apple Cider Vinegar','Basil','Garlic','Bananas','Cloves','Pomegranates','Buttermilk']"
hepatitis A,"['mixture of bibhataki, haritaki and amlaki']"
Hepatitis B,['Bhumi Amla (Phyllanthus Niruri)']
Hepatitis C,"['turmeric', 'bhringaraj', 'bhumyalaki']"
Hepatitis D,['Kutki (Picrorhiza kurroa)']
Hepatitis E,"['Kutki','Bhumyamalaki','Punarnava','Kalmegh','Pippali','Guduchi']"
Alcoholic hepatitis,"['Choalaganges, Tikta and Madhura Rasayukta drugs, Mootrala drugs and protein supplementation']"
Tuberculosis,"['ashwagandha',' turmeric' 'neem']"
Common Cold,"['Ginger-Cinnamon -Turmeric Drink','Golden Milk (Turmeric Milk)','Ashwagandha Root Drink','Tulsi - Honey Mixture','Carom seeds - Jaggery Mixture']"
Pneumonia,"['Amalaki','Kutaja','Bhringraj','Tila','Guduchi','Vasa']"
Dimorphic hemmorhoids(piles),['Kshara']
Heart attack,"['Arjuna, Ashwagandha, Guggulu, and Triphala']"
Varicose veins,['Triphala powder']
Hypothyroidism,['Ashwagandha']
Hyperthyroidism,"['Ashwagandha','Koshtha Shuddhi with Gandharvahastadi Eranda Tailam','Shunthi Siddha Jala']"
Hypoglycemia,"['Gurmar','Bitte Melon','Indian Gooseberry','Neem','Guduchi']"
Osteoarthristis,['Ashwagandha (Withania Somnifera)']
Arthritis,"['Ashwagandha','Guggulu','Turmeric','Ginger','Boswellia']"
(vertigo) Paroymsal Positional Vertigo,"['Kaunch Beej','Shankapushpi','Amalaki','Jatiphala','Guduchi']"
Acne,['Giloy (Heart-Leaved Moonseed)']
Urinary tract infection,"['Coriander seeds','Sariva(hemidesmus indicus)','Asparungus(Shatavari)','Gokshura(Tribulus Terrestris)','Nut grass(Cyperus rotundus)','Indian Gooseberry']"
Psoriasis,['jasmine flower paste to relieve itching and reduce inflammation']
